GrainID,SchmidFactor,SlipSystem,SlipFamily,TraceAngle_deg,TraceAngle_deg_fin,IsMaxSchmid
1,0.474958164900989,(-101-1)[-1-123],Pyramidal I <c+a>,308.372228592034,51.6277714079656,1
1,0.463714637913416,(-101-1)[2-1-1-3],Pyramidal I <c+a>,308.372228592034,51.6277714079656,0
1,0.448229007261305,(0-111)[2-1-10],Pyramidal <a>,225.947174698833,-45.9471746988326,0
1,0.433129282978709,(01-10)[2-1-10],Prismatic,83.8996186213939,-83.8996186213939,0
1,0.427252596236047,(-1101)[11-20],Pyramidal <a>,241.365847360682,-61.3658473606821,0
1,0.406684965756206,(-1100)[11-20],Prismatic,295.813274334695,64.1867256653046,0
1,0.389337569664384,(11-22)[-1-123],Pyramidal II <c+a>,132.044893237553,47.9551067624471,0
1,0.36667280613699,(-211-2)[2-1-1-3],Pyramidal II <c+a>,319.1740873575,40.8259126424996,0
1,0.310846232649543,(01-11)[2-1-10],Pyramidal <a>,138.594871101449,41.4051288985514,0
1,0.303498857256638,(-1011)[11-23],Pyramidal I <c+a>,251.429027295964,-71.4290272959642,0
1,0.289901273001527,(-1011)[2-1-13],Pyramidal I <c+a>,251.429027295964,-71.4290272959642,0
1,0.285477990406605,(-110-1)[11-20],Pyramidal <a>,333.716007499272,26.2839925007279,0
1,0.264167949482027,(-1-122)[11-23],Pyramidal II <c+a>,240.580636321537,-60.5806363215374,0
1,0.245380635249632,(-2112)[2-1-13],Pyramidal II <c+a>,247.805614548365,-67.8056145483646,0
1,0.225000322224934,(01-11)[-1-123],Pyramidal I <c+a>,138.594871101449,41.4051288985514,0
1,0.195496706306733,(-110-1)[2-1-1-3],Pyramidal I <c+a>,333.716007499272,26.2839925007279,0
1,0.171427306242019,(0-111)[11-23],Pyramidal I <c+a>,225.947174698833,-45.9471746988326,0
1,0.151248699674852,(-1101)[2-1-13],Pyramidal I <c+a>,241.365847360682,-61.3658473606821,0
1,0.147123177457904,(0001)[11-20],Basal,189.9123,-9.91229999999999,0
1,0.142565660547002,(0001)[-2110],Basal,189.9123,-9.91229999999999,0
1,0.0777621683190319,(-1101)[-12-1-3],Pyramidal I <c+a>,241.365847360682,-61.3658473606821,0
1,0.0688270887394382,(0-111)[1-21-3],Pyramidal I <c+a>,225.947174698833,-45.9471746988326,0
1,0.0583842122730322,(01-11)[-12-1-3],Pyramidal I <c+a>,138.594871101449,41.4051288985514,0
1,0.0424781806099425,(-110-1)[1-21-3],Pyramidal I <c+a>,333.716007499272,26.2839925007279,0
1,0.0264443172225033,(-1010)[1-210],Prismatic,279.897195138939,80.1028048610608,0
1,0.0253682422429381,(-1011)[1-210],Pyramidal <a>,251.429027295964,-71.4290272959642,0
1,0.020976411025257,(-101-1)[1-210],Pyramidal <a>,308.372228592034,51.6277714079656,0
1,0.0146560403840098,(-12-1-2)[1-21-3],Pyramidal II <c+a>,9.79666619849302,-9.79666619849302,0
1,0.0107785910890107,(1-21-2)[-12-1-3],Pyramidal II <c+a>,10.1107249428084,-10.1107249428084,0
1,0.00455751691090134,(0001)[1-210],Basal,189.9123,-9.91229999999999,0
2,0.485654307686276,(-110-1)[2-1-1-3],Pyramidal I <c+a>,308.773475654984,51.2265243450161,1
2,0.468456893833623,(-1011)[1-210],Pyramidal <a>,226.17510537358,-46.17510537358,0
2,0.459348972293218,(-1010)[1-210],Prismatic,258.421553618601,-78.4215536186007,0
2,0.445814648508302,(-110-1)[1-21-3],Pyramidal I <c+a>,308.773475654984,51.2265243450161,0
2,0.416136877178101,(-211-2)[2-1-1-3],Pyramidal II <c+a>,309.290159730184,50.7098402698163,0
2,0.394130299790046,(01-11)[2-1-10],Pyramidal <a>,246.701330863868,-66.7013308638678,0
2,0.365545693296389,(01-10)[2-1-10],Prismatic,306.985540374344,53.0144596256557,0
2,0.336569330549861,(-101-1)[1-210],Pyramidal <a>,310.226395466334,49.7736045336657,0
2,0.335668980458106,(-12-1-2)[1-21-3],Pyramidal II <c+a>,322.101945384661,37.8980546153387,0
2,0.31701492184926,(-1101)[2-1-13],Pyramidal I <c+a>,252.765110271961,-72.7651102719609,0
2,0.285799317142777,(-2112)[2-1-13],Pyramidal II <c+a>,240.794017549155,-60.7940175491553,0
2,0.26873819409682,(-1101)[-12-1-3],Pyramidal I <c+a>,252.765110271961,-72.7651102719609,0
2,0.262484484154381,(-101-1)[2-1-1-3],Pyramidal I <c+a>,310.226395466334,49.7736045336657,0
2,0.246502175874208,(0-111)[2-1-10],Pyramidal <a>,159.296250511893,20.7037494881074,0
2,0.219228408421778,(1-21-2)[-12-1-3],Pyramidal II <c+a>,70.7849548022946,-70.7849548022946,0
2,0.196800525813099,(-1011)[2-1-13],Pyramidal I <c+a>,226.17510537358,-46.17510537358,0
2,0.157657428278666,(0-111)[1-21-3],Pyramidal I <c+a>,159.296250511893,20.7037494881074,0
2,0.153197524659502,(0001)[-2110],Basal,190.181861976329,-10.1818619763292,0
2,0.136863137541222,(0001)[1-210],Basal,190.181861976329,-10.1818619763292,0
2,0.125394807827985,(01-11)[-12-1-3],Pyramidal I <c+a>,246.701330863868,-66.7013308638678,0
2,0.0938032789968296,(-1100)[11-20],Prismatic,280.935432326759,79.0645676732412,0
2,0.0900671546756533,(-1101)[11-20],Pyramidal <a>,252.765110271961,-72.7651102719609,0
2,0.0858622397658021,(01-11)[-1-123],Pyramidal I <c+a>,246.701330863868,-66.7013308638678,0
2,0.082080584427672,(-101-1)[-1-123],Pyramidal I <c+a>,310.226395466334,49.7736045336657,0
2,0.0743265940435777,(-110-1)[11-20],Pyramidal <a>,308.773475654984,51.2265243450161,0
2,0.0542961809586631,(-1011)[11-23],Pyramidal I <c+a>,226.17510537358,-46.17510537358,0
2,0.0255302563043969,(0-111)[11-23],Pyramidal I <c+a>,159.296250511893,20.7037494881074,0
2,0.0163343871182804,(0001)[11-20],Basal,190.181861976329,-10.1818619763292,0
2,0.0160004563128127,(-1-122)[11-23],Pyramidal II <c+a>,193.520944862109,-13.5209448621087,0
2,0.0021034683138159,(11-22)[-1-123],Pyramidal II <c+a>,182.038982264171,-2.0389822641707,0
3,0.466210212239507,(-1100)[11-20],Prismatic,234.23523766363,-54.2352376636296,1
3,0.449094751353805,(-101-1)[2-1-1-3],Pyramidal I <c+a>,300.015768521681,59.9842314783185,0
3,0.43112947625223,(-1101)[11-20],Pyramidal <a>,214.431774327243,-34.431774327243,0
3,0.412312106299845,(-101-1)[-1-123],Pyramidal I <c+a>,300.015768521681,59.9842314783185,0
3,0.391614702254058,(-1011)[2-1-13],Pyramidal I <c+a>,249.994319275448,-69.9943192754475,0
3,0.388881479105679,(-211-2)[2-1-1-3],Pyramidal II <c+a>,292.221486669502,67.7785133304982,0
3,0.385921327311165,(-110-1)[11-20],Pyramidal <a>,275.974114343515,84.0258856564853,0
3,0.385348988035352,(01-10)[2-1-10],Prismatic,139.52606108555,40.4739389144497,0
3,0.362506180190345,(0-111)[2-1-10],Pyramidal <a>,274.408111346995,85.5918886530055,0
3,0.352438393678251,(-1011)[11-23],Pyramidal I <c+a>,249.994319275448,-69.9943192754475,0
3,0.345025532072343,(-2112)[2-1-13],Pyramidal II <c+a>,232.489607374824,-52.4896073748236,0
3,0.323534218159548,(11-22)[-1-123],Pyramidal II <c+a>,138.240179834793,41.7598201652071,0
3,0.31283230888779,(01-11)[2-1-10],Pyramidal <a>,157.719716165356,22.2802838346443,0
3,0.283620957255066,(-1-122)[11-23],Pyramidal II <c+a>,257.163915630661,-77.1639156306611,0
3,0.250043767491795,(-110-1)[2-1-1-3],Pyramidal I <c+a>,275.974114343515,84.0258856564853,0
3,0.228678760966957,(-1101)[2-1-13],Pyramidal I <c+a>,214.431774327243,-34.431774327243,0
3,0.16934386404907,(01-11)[-1-123],Pyramidal I <c+a>,157.719716165356,22.2802838346443,0
3,0.157460757150147,(0-111)[11-23],Pyramidal I <c+a>,274.408111346995,85.5918886530055,0
3,0.0808612242041554,(-1010)[1-210],Prismatic,275.253425275562,84.7465747244381,0
3,0.0730890184233752,(-1011)[1-210],Pyramidal <a>,249.994319275447,-69.9943192754475,0
3,0.068623296061885,(-101-1)[1-210],Pyramidal <a>,300.015768521681,59.9842314783185,0
3,0.0515478617620623,(0001)[-2110],Basal,183.864019762406,-3.86401976240606,0
3,0.0469136660989995,(0001)[11-20],Basal,183.864019762406,-3.86401976240606,0
3,0.0431867959403486,(-110-1)[1-21-3],Pyramidal I <c+a>,275.974114343515,84.0258856564853,0
3,0.0368455050233252,(0-111)[1-21-3],Pyramidal I <c+a>,274.408111346995,85.5918886530055,0
3,0.00463419566306287,(0001)[1-210],Basal,183.864019762406,-3.86401976240606,0
3,0.00409699092568014,(-1101)[-12-1-3],Pyramidal I <c+a>,214.431774327243,-34.431774327243,0
3,0.00352721316989273,(-12-1-2)[1-21-3],Pyramidal II <c+a>,284.936251502314,75.0637484976863,0
3,0.0027150258908661,(01-11)[-12-1-3],Pyramidal I <c+a>,157.719716165356,22.2802838346443,0
3,0.000768689740765816,(1-21-2)[-12-1-3],Pyramidal II <c+a>,6.31528829646958,-6.31528829646958,0
4,0.458294354935217,(-110-1)[1-21-3],Pyramidal I <c+a>,305.948961092431,54.0510389075686,1
4,0.457343737543944,(-110-1)[2-1-1-3],Pyramidal I <c+a>,305.948961092431,54.0510389075686,0
4,0.427291699397002,(01-10)[2-1-10],Prismatic,275.563859332818,84.4361406671816,0
4,0.425865925273082,(01-11)[2-1-10],Pyramidal <a>,228.734678330034,-48.7346783300341,0
4,0.425117961030188,(-1010)[1-210],Prismatic,278.732397308318,81.267602691682,0
4,0.424092412286532,(-1011)[1-210],Pyramidal <a>,230.149393466621,-50.1493934666207,0
4,0.373470194572619,(-12-1-2)[1-21-3],Pyramidal II <c+a>,313.042458168475,46.9575418315247,0
4,0.371650610371361,(-211-2)[2-1-1-3],Pyramidal II <c+a>,313.736090843854,46.2639091561465,0
4,0.330947489014816,(-1101)[-12-1-3],Pyramidal I <c+a>,248.346087901773,-68.3460879017734,0
4,0.329856152509976,(-1101)[2-1-13],Pyramidal I <c+a>,248.346087901773,-68.3460879017734,0
4,0.322978731456435,(0-111)[2-1-10],Pyramidal <a>,144.125307848487,35.874692151513,0
4,0.320942686795566,(-101-1)[1-210],Pyramidal <a>,325.580386918562,34.4196130814381,0
4,0.282401615075731,(1-21-2)[-12-1-3],Pyramidal II <c+a>,60.5653836451414,-60.5653836451414,0
4,0.280813814202439,(-2112)[2-1-13],Pyramidal II <c+a>,241.246126319526,-61.246126319526,0
4,0.213137463486565,(0-111)[1-21-3],Pyramidal I <c+a>,144.125307848487,35.874692151513,0
4,0.210816797796144,(-101-1)[2-1-1-3],Pyramidal I <c+a>,325.580386918562,34.4196130814381,0
4,0.176759505254245,(01-11)[-12-1-3],Pyramidal I <c+a>,228.734678330034,-48.734678330034,0
4,0.174996263152443,(-1011)[2-1-13],Pyramidal I <c+a>,230.149393466621,-50.1493934666207,0
4,0.107041139556389,(0001)[1-210],Basal,187.147380903405,-7.14738090340452,0
4,0.106768703643884,(0001)[-2110],Basal,187.147380903405,-7.14738090340452,0
4,0.0523207205311417,(-1011)[11-23],Pyramidal I <c+a>,230.149393466621,-50.1493934666207,0
4,0.0515080958206114,(01-11)[-1-123],Pyramidal I <c+a>,228.734678330034,-48.734678330034,0
4,0.0400182354560882,(0-111)[11-23],Pyramidal I <c+a>,144.125307848487,35.874692151513,0
4,0.0387889062705066,(-101-1)[-1-123],Pyramidal I <c+a>,325.580386918562,34.4196130814381,0
4,0.00867044726618686,(-1100)[11-20],Prismatic,277.147567900607,82.8524320993935,0
4,0.00812465351128775,(-1101)[11-20],Pyramidal <a>,248.346087901773,-68.3460879017734,0
4,0.00707478863192578,(11-22)[-1-123],Pyramidal II <c+a>,187.165374831582,-7.16537483158211,0
4,0.00707062904604206,(-110-1)[11-20],Pyramidal <a>,305.948961092431,54.0510389075686,0
4,0.00684300530395883,(-1-122)[11-23],Pyramidal II <c+a>,187.12845841139,-7.12845841139045,0
4,0.00109378846471185,(0001)[11-20],Basal,187.147380903405,-7.14738090340452,0
5,0.476416967316673,(-110-1)[2-1-1-3],Pyramidal I <c+a>,308.937951026803,51.0620489731972,1
5,0.466810917401287,(-110-1)[1-21-3],Pyramidal I <c+a>,308.937951026803,51.0620489731972,0
5,0.44957237747888,(-1011)[1-210],Pyramidal <a>,225.216603623158,-45.2166036231585,0
5,0.431650914616116,(01-11)[2-1-10],Pyramidal <a>,244.808159476545,-64.8081594765447,0
5,0.428855362777722,(-1010)[1-210],Prismatic,261.395822315539,-81.3958223155394,0
5,0.406199935919485,(01-10)[2-1-10],Prismatic,298.946661055709,61.0533389442913,0
5,0.388447519748577,(-211-2)[2-1-1-3],Pyramidal II <c+a>,312.015344110927,47.9846558890729,0
5,0.368986426955373,(-12-1-2)[1-21-3],Pyramidal II <c+a>,320.177964198756,39.8220358012443,0
5,0.302012657706918,(-101-1)[1-210],Pyramidal <a>,317.734709902719,42.2652900972811,0
5,0.292556235942875,(-1101)[2-1-13],Pyramidal I <c+a>,252.268734706135,-72.268734706135,0
5,0.280880360743665,(-1101)[-12-1-3],Pyramidal I <c+a>,252.268734706135,-72.268734706135,0
5,0.280229639128412,(0-111)[2-1-10],Pyramidal <a>,154.84830549999,25.15169450001,0
5,0.254761071252116,(-2112)[2-1-13],Pyramidal II <c+a>,240.640561440532,-60.6405614405322,0
5,0.23870925940471,(1-21-2)[-12-1-3],Pyramidal II <c+a>,69.6053718108857,-69.6053718108857,0
5,0.221941371143732,(-101-1)[2-1-1-3],Pyramidal I <c+a>,317.734709902719,42.2652900972811,0
5,0.196559898326362,(0-111)[1-21-3],Pyramidal I <c+a>,154.84830549999,25.15169450001,0
5,0.165458062974969,(-1011)[2-1-13],Pyramidal I <c+a>,225.216603623159,-45.2166036231585,0
5,0.157133776208695,(0001)[-2110],Basal,190.722359099763,-10.7223590997627,0
5,0.153126539909169,(0001)[1-210],Basal,190.722359099763,-10.7223590997627,0
5,0.148275685563147,(01-11)[-12-1-3],Pyramidal I <c+a>,244.808159476545,-64.8081594765447,0
5,0.0830927168700981,(01-11)[-1-123],Pyramidal I <c+a>,244.808159476545,-64.8081594765447,0
5,0.0755163893736618,(-1011)[11-23],Pyramidal I <c+a>,225.216603623159,-45.2166036231585,0
5,0.0600601292369203,(-101-1)[-1-123],Pyramidal I <c+a>,317.734709902719,42.2652900972811,0
5,0.04635453161876,(0-111)[11-23],Pyramidal I <c+a>,154.84830549999,25.15169450001,0
5,0.0284768328829203,(-1100)[11-20],Prismatic,280.568737370455,79.4312626295446,0
5,0.0274338345039181,(-1101)[11-20],Pyramidal <a>,252.268734706135,-72.268734706135,0
5,0.0224728783459872,(-110-1)[11-20],Pyramidal <a>,308.937951026803,51.0620489731972,0
5,0.0162206859892669,(-1-122)[11-23],Pyramidal II <c+a>,189.765896564433,-9.76589656443304,0
5,0.0128114050434681,(11-22)[-1-123],Pyramidal II <c+a>,192.558094962999,-12.5580949629992,0
5,0.00514811258979753,(0001)[11-20],Basal,190.722359099763,-10.7223590997627,0
6,0.446484677180788,(-110-1)[2-1-1-3],Pyramidal I <c+a>,303.004536568878,56.9954634311219,1
6,0.440760875413535,(-110-1)[1-21-3],Pyramidal I <c+a>,303.004536568878,56.9954634311219,0
6,0.436162319313879,(-1010)[1-210],Prismatic,253.425713897763,-73.4257138977632,0
6,0.423392887518942,(01-10)[2-1-10],Prismatic,295.775935202734,64.2240647972662,0
6,0.416365690723924,(-1011)[1-210],Pyramidal <a>,218.986820807798,-38.9868208077979,0
6,0.40568711818795,(01-11)[2-1-10],Pyramidal <a>,240.714864044293,-60.7148640442929,0
6,0.369486940424115,(-211-2)[2-1-1-3],Pyramidal II <c+a>,305.256249426491,54.7437505735092,0
6,0.361600292769527,(-1101)[2-1-13],Pyramidal I <c+a>,246.627059784271,-66.6270597842713,0
6,0.359027705953773,(-12-1-2)[1-21-3],Pyramidal II <c+a>,314.884383980098,45.1156160199021,0
6,0.355328818838984,(-1101)[-12-1-3],Pyramidal I <c+a>,246.627059784271,-66.6270597842713,0
6,0.348025058606985,(-101-1)[1-210],Pyramidal <a>,309.506599611265,50.4934003887346,0
6,0.336324725157645,(0-111)[2-1-10],Pyramidal <a>,150.142759291577,29.8572407084234,0
6,0.308248439073688,(-2112)[2-1-13],Pyramidal II <c+a>,234.575367418192,-54.5753674181918,0
6,0.298691294400703,(1-21-2)[-12-1-3],Pyramidal II <c+a>,64.5596164904916,-64.5596164904916,0
6,0.217785971179682,(-101-1)[2-1-1-3],Pyramidal I <c+a>,309.506599611265,50.4934003887346,0
6,0.204705962303468,(0-111)[1-21-3],Pyramidal I <c+a>,150.142759291577,29.8572407084234,0
6,0.192574613235397,(-1011)[2-1-13],Pyramidal I <c+a>,218.986820807798,-38.9868208077979,0
6,0.181664070716019,(01-11)[-12-1-3],Pyramidal I <c+a>,240.714864044293,-60.7148640442929,0
6,0.0719791502787106,(0001)[-2110],Basal,184.877615259787,-4.87761525978701,0
6,0.0709188425367334,(0001)[1-210],Basal,184.877615259787,-4.87761525978701,0
6,0.0357875255730078,(01-11)[-1-123],Pyramidal I <c+a>,240.714864044293,-60.7148640442929,0
6,0.0312417080029295,(-101-1)[-1-123],Pyramidal I <c+a>,309.506599611265,50.4934003887346,0
6,0.0306007848208822,(-1011)[11-23],Pyramidal I <c+a>,218.986820807798,-38.9868208077979,0
6,0.024433173057259,(0-111)[11-23],Pyramidal I <c+a>,150.142759291577,29.8572407084234,0
6,0.0137328488838282,(-1100)[11-20],Prismatic,274.798042195605,85.2019578043946,0
6,0.0125839302073554,(-1101)[11-20],Pyramidal <a>,246.627059784271,-66.6270597842713,0
6,0.0114834001967719,(-110-1)[11-20],Pyramidal <a>,303.004536568878,56.9954634311219,0
6,0.00343060769866849,(-1-122)[11-23],Pyramidal II <c+a>,184.455252595623,-4.45525259562316,0
6,0.00252851790131023,(11-22)[-1-123],Pyramidal II <c+a>,185.777866891273,-5.77786689127291,0
6,0.00114204847262704,(0001)[11-20],Basal,184.877615259787,-4.87761525978701,0
7,0.47657325099213,(-110-1)[2-1-1-3],Pyramidal I <c+a>,306.925538524024,53.0744614759762,1
7,0.457371289491236,(-1010)[1-210],Prismatic,257.322797971511,-77.3227979715108,0
7,0.456333415855545,(-1011)[1-210],Pyramidal <a>,224.321271211542,-44.3212712115415,0
7,0.443493071639919,(-110-1)[1-21-3],Pyramidal I <c+a>,306.925538524024,53.0744614759762,0
7,0.405861322904787,(-211-2)[2-1-1-3],Pyramidal II <c+a>,307.924642615807,52.0753573841934,0
7,0.394617600200177,(01-11)[2-1-10],Pyramidal <a>,244.028754954696,-64.0287549546962,0
7,0.380920927571752,(01-10)[2-1-10],Prismatic,303.474154885636,56.5258451143637,0
7,0.345226845577898,(-101-1)[1-210],Pyramidal <a>,309.734616139253,50.2653838607468,0
7,0.341285077125822,(-12-1-2)[1-21-3],Pyramidal II <c+a>,319.879079231496,40.1209207685037,0
7,0.335455286039394,(-1101)[2-1-13],Pyramidal I <c+a>,250.757408878787,-70.7574088787866,0
7,0.298453039320236,(-2112)[2-1-13],Pyramidal II <c+a>,238.950709305185,-58.9507093051852,0
7,0.296719962309936,(-1101)[-12-1-3],Pyramidal I <c+a>,250.757408878787,-70.7574088787866,0
7,0.272960547587637,(0-111)[2-1-10],Pyramidal <a>,156.694609582081,23.3053904179191,0
7,0.25309195395649,(-101-1)[2-1-1-3],Pyramidal I <c+a>,309.734616139253,50.2653838607468,0
7,0.243191577799518,(1-21-2)[-12-1-3],Pyramidal II <c+a>,68.5239800144192,-68.5239800144192,0
7,0.201109264000834,(-1011)[2-1-13],Pyramidal I <c+a>,224.321271211542,-44.3212712115416,0
7,0.170075730542639,(0-111)[1-21-3],Pyramidal I <c+a>,156.694609582081,23.3053904179191,0
7,0.140494481251348,(01-11)[-12-1-3],Pyramidal I <c+a>,244.028754954696,-64.0287549546961,0
7,0.126246671862044,(0001)[-2110],Basal,188.379503687606,-8.37950368760565,0
7,0.11529816330692,(0001)[1-210],Basal,188.379503687606,-8.37950368760565,0
7,0.076450361919484,(-1100)[11-20],Prismatic,278.973009067788,81.0269909322116,0
7,0.0722662979902614,(-1101)[11-20],Pyramidal <a>,250.757408878787,-70.7574088787866,0
7,0.0710237633272697,(01-11)[-1-123],Pyramidal I <c+a>,244.028754954696,-64.0287549546961,0
7,0.0680475557314515,(-101-1)[-1-123],Pyramidal I <c+a>,309.734616139253,50.2653838607468,0
7,0.0617158156553681,(-110-1)[11-20],Pyramidal <a>,306.925538524024,53.0744614759762,0
7,0.0434891599299954,(-1011)[11-23],Pyramidal I <c+a>,224.321271211542,-44.3212712115416,0
7,0.0237666560470572,(0-111)[11-23],Pyramidal I <c+a>,156.694609582081,23.3053904179191,0
7,0.0109702387651714,(-1-122)[11-23],Pyramidal II <c+a>,191.196647454282,-11.1966474542824,0
7,0.010948508555124,(0001)[11-20],Basal,188.379503687606,-8.37950368760565,0
7,0.00165545450692435,(11-22)[-1-123],Pyramidal II <c+a>,181.877197081669,-1.87719708166878,0
8,0.463654395426217,(-1010)[1-210],Prismatic,252.619276153109,-72.6192761531093,1
8,0.459525491119465,(-110-1)[2-1-1-3],Pyramidal I <c+a>,303.678182654873,56.3218173451274,0
8,0.439988778138145,(-1011)[1-210],Pyramidal <a>,220.988905849448,-40.9889058494485,0
8,0.424423032231512,(-110-1)[1-21-3],Pyramidal I <c+a>,303.678182654873,56.3218173451274,0
8,0.395549383997937,(-211-2)[2-1-1-3],Pyramidal II <c+a>,303.818462949179,56.1815370508205,0
8,0.385211693611462,(01-10)[2-1-10],Prismatic,303.194933813347,56.805066186653,0
8,0.374500110174373,(01-11)[2-1-10],Pyramidal <a>,242.513319088003,-62.5133190880028,0
8,0.373878791345752,(-1101)[2-1-13],Pyramidal I <c+a>,247.820270708663,-67.8202707086627,0
8,0.372582861034945,(-101-1)[1-210],Pyramidal <a>,304.073488568488,55.9265114315124,0
8,0.335294194313093,(-1101)[-12-1-3],Pyramidal I <c+a>,247.820270708663,-67.8202707086627,0
8,0.331201235758578,(-12-1-2)[1-21-3],Pyramidal II <c+a>,317.286098832491,42.7139011675091,0
8,0.330302660972924,(-2112)[2-1-13],Pyramidal II <c+a>,235.669383732788,-55.6693837327877,0
8,0.300597765299813,(0-111)[2-1-10],Pyramidal <a>,154.721057174336,25.2789428256637,0
8,0.271690063130095,(1-21-2)[-12-1-3],Pyramidal II <c+a>,66.1074983792327,-66.1074983792327,0
8,0.25160071395099,(-101-1)[2-1-1-3],Pyramidal I <c+a>,304.073488568488,55.9265114315124,0
8,0.219945614214624,(-1011)[2-1-13],Pyramidal I <c+a>,220.988905849448,-40.9889058494485,0
8,0.171016848167519,(0-111)[1-21-3],Pyramidal I <c+a>,154.721057174336,25.2789428256637,0
8,0.153155368156872,(01-11)[-12-1-3],Pyramidal I <c+a>,242.513319088003,-62.5133190880028,0
8,0.0784427018147557,(-1100)[11-20],Prismatic,275.937408582076,84.0625914179242,0
8,0.0766903757970244,(0001)[-2110],Basal,185.079633066441,-5.07963306644098,0
8,0.0719850957351315,(-1101)[11-20],Pyramidal <a>,247.820270708663,-67.8202707086627,0
8,0.0699488645774628,(0001)[1-210],Basal,185.079633066441,-5.07963306644098,0
8,0.0654886679637725,(-110-1)[11-20],Pyramidal <a>,303.678182654873,56.3218173451274,0
8,0.051893268854233,(-101-1)[-1-123],Pyramidal I <c+a>,304.073488568488,55.9265114315124,0
8,0.0475797380786324,(01-11)[-1-123],Pyramidal I <c+a>,242.513319088003,-62.5133190880028,0
8,0.015891950908833,(-1011)[11-23],Pyramidal I <c+a>,220.988905849448,-40.9889058494485,0
8,0.00989400010342086,(0-111)[11-23],Pyramidal I <c+a>,154.721057174336,25.2789428256637,0
8,0.00674151121956159,(0001)[11-20],Basal,185.079633066441,-5.07963306644098,0
8,0.0033362372662046,(-1-122)[11-23],Pyramidal II <c+a>,188.672240185677,-8.6722401856766,0
8,0.00239931313032674,(11-22)[-1-123],Pyramidal II <c+a>,175.877642536742,4.12235746325752,0
9,0.443563400264637,(-110-1)[2-1-1-3],Pyramidal I <c+a>,302.95681481734,57.0431851826598,1
9,0.439054264656072,(-1010)[1-210],Prismatic,267.50095531233,-87.5009553123304,0
9,0.435749656417792,(-110-1)[1-21-3],Pyramidal I <c+a>,302.95681481734,57.0431851826598,0
9,0.421742546859623,(01-10)[2-1-10],Prismatic,281.228666777632,78.7713332223684,0
9,0.414634586380354,(-1011)[1-210],Pyramidal <a>,224.185704645928,-44.1857046459284,0
9,0.400056927362977,(01-11)[2-1-10],Pyramidal <a>,229.248949687948,-49.248949687948,0
9,0.369172917340927,(-1101)[2-1-13],Pyramidal I <c+a>,245.461031744664,-65.461031744664,0
9,0.368811312074588,(-211-2)[2-1-1-3],Pyramidal II <c+a>,308.671556649817,51.3284433501826,0
9,0.360724478883531,(-1101)[-12-1-3],Pyramidal I <c+a>,245.461031744664,-65.461031744664,0
9,0.354824405137593,(-101-1)[1-210],Pyramidal <a>,317.91988462056,42.08011537944,0
9,0.354720339673101,(-12-1-2)[1-21-3],Pyramidal II <c+a>,312.051434770146,47.9485652298541,0
9,0.339062632359371,(0-111)[2-1-10],Pyramidal <a>,145.396962817701,34.6030371822994,0
9,0.314960816816808,(-2112)[2-1-13],Pyramidal II <c+a>,236.747148161986,-56.7471481619859,0
9,0.301915271900946,(1-21-2)[-12-1-3],Pyramidal II <c+a>,59.3555437306805,-59.3555437306805,0
9,0.219492590600018,(-101-1)[2-1-1-3],Pyramidal I <c+a>,317.91988462056,42.08011537944,0
9,0.201973316282755,(0-111)[1-21-3],Pyramidal I <c+a>,145.396962817701,34.6030371822994,0
9,0.197069629025914,(-1011)[2-1-13],Pyramidal I <c+a>,224.185704645928,-44.1857046459284,0
9,0.182064538734693,(01-11)[-12-1-3],Pyramidal I <c+a>,229.248949687948,-49.248949687948,0
9,0.0632953583981793,(0001)[-2110],Basal,184.171193769858,-4.17119376985838,0
9,0.0620665729048396,(0001)[1-210],Basal,184.171193769858,-4.17119376985838,0
9,0.0323692294611703,(01-11)[-1-123],Pyramidal I <c+a>,229.248949687948,-49.248949687948,0
9,0.0293038223588532,(-101-1)[-1-123],Pyramidal I <c+a>,317.91988462056,42.08011537944,0
9,0.0251778830167954,(-1011)[11-23],Pyramidal I <c+a>,224.185704645928,-44.1857046459284,0
9,0.020232986498986,(0-111)[11-23],Pyramidal I <c+a>,145.396962817701,34.6030371822994,0
9,0.0174634666064097,(-1100)[11-20],Prismatic,274.220277225996,85.7797227740042,0
9,0.015900954319021,(-1101)[11-20],Pyramidal <a>,245.461031744664,-65.461031744664,0
9,0.0147044229317872,(-110-1)[11-20],Pyramidal <a>,302.95681481734,57.0431851826598,0
9,0.00275049739076803,(-1-122)[11-23],Pyramidal II <c+a>,185.176485702752,-5.17648570275188,0
9,0.00170506990514332,(11-22)[-1-123],Pyramidal II <c+a>,182.918362441655,-2.91836244165503,0
9,0.00124167158559926,(0001)[11-20],Basal,184.171193769858,-4.17119376985838,0
10,0.443856088292812,(-110-1)[2-1-1-3],Pyramidal I <c+a>,302.927751809658,57.072248190342,1
10,0.438348176883147,(-1010)[1-210],Prismatic,261.801129299432,-81.8011292994315,0
10,0.43663537948317,(-110-1)[1-21-3],Pyramidal I <c+a>,302.927751809658,57.072248190342,0
10,0.42229598480459,(01-10)[2-1-10],Prismatic,287.143884339709,72.8561156602911,0
10,0.414672678916028,(-1011)[1-210],Pyramidal <a>,221.860176777688,-41.8601767776877,0
10,0.40120141175474,(01-11)[2-1-10],Pyramidal <a>,233.120978840067,-53.1209788400669,0
10,0.36866981746429,(-211-2)[2-1-1-3],Pyramidal II <c+a>,307.332957961638,52.6670420383617,0
10,0.36783895802874,(-1101)[2-1-13],Pyramidal I <c+a>,245.727774195508,-65.7277741955077,0
10,0.359980650588606,(-1101)[-12-1-3],Pyramidal I <c+a>,245.727774195508,-65.7277741955077,0
10,0.355563621227448,(-12-1-2)[1-21-3],Pyramidal II <c+a>,313.149537314941,46.850462685059,0
10,0.353548867417086,(-101-1)[1-210],Pyramidal <a>,314.886095909092,45.1139040909078,0
10,0.338888068629547,(0-111)[2-1-10],Pyramidal <a>,147.36964642959,32.6303535704097,0
10,0.313654764199698,(-2112)[2-1-13],Pyramidal II <c+a>,235.697464692791,-55.6974646927908,0
10,0.301598778760352,(1-21-2)[-12-1-3],Pyramidal II <c+a>,61.1219851421252,-61.1219851421252,0
10,0.21894552087052,(-101-1)[2-1-1-3],Pyramidal I <c+a>,314.886095909092,45.1139040909078,0
10,0.202603660833227,(0-111)[1-21-3],Pyramidal I <c+a>,147.36964642959,32.6303535704097,0
10,0.19605554210468,(-1011)[2-1-13],Pyramidal I <c+a>,221.860176777688,-41.8601767776877,0
10,0.182239369642422,(01-11)[-12-1-3],Pyramidal I <c+a>,233.120978840067,-53.1209788400669,0
10,0.064664168769632,(0001)[-2110],Basal,184.291025536464,-4.29102553646399,0
10,0.0634297610171503,(0001)[1-210],Basal,184.291025536464,-4.29102553646399,0
10,0.0328078514997129,(01-11)[-1-123],Pyramidal I <c+a>,233.120978840067,-53.1209788400669,0
10,0.0294404512261706,(-101-1)[-1-123],Pyramidal I <c+a>,314.886095909092,45.1139040909078,0
10,0.0262123878470969,(-1011)[11-23],Pyramidal I <c+a>,221.860176777688,-41.8601767776877,0
10,0.0209568986290105,(0-111)[11-23],Pyramidal I <c+a>,147.36964642959,32.6303535704097,0
10,0.0160521920785571,(-1100)[11-20],Prismatic,274.338683658928,85.6613163410719,0
10,0.0146607987875402,(-1101)[11-20],Pyramidal <a>,245.727774195508,-65.7277741955077,0
10,0.013471267161288,(-110-1)[11-20],Pyramidal <a>,302.927751809658,57.072248190342,0
10,0.00292325821773919,(-1-122)[11-23],Pyramidal II <c+a>,184.774582319975,-4.77458231997491,0
10,0.0018730474202426,(11-22)[-1-123],Pyramidal II <c+a>,183.556337947314,-3.55633794731423,0
10,0.00123440775248173,(0001)[11-20],Basal,184.291025536464,-4.29102553646399,0
11,0.441757867694596,(-110-1)[1-21-3],Pyramidal I <c+a>,301.429382438289,58.570617561711,1
11,0.437961714464133,(01-10)[2-1-10],Prismatic,243.230405853473,-63.2304058534733,0
11,0.435019994186022,(-110-1)[2-1-1-3],Pyramidal I <c+a>,301.429382438289,58.570617561711,0
11,0.423065617349922,(-1010)[1-210],Prismatic,304.060419216186,55.9395807838143,0
11,0.412446757324842,(01-11)[2-1-10],Pyramidal <a>,215.386494979359,-35.3864949793594,0
11,0.39987628861798,(-1011)[1-210],Pyramidal <a>,250.312910015106,-70.3129100151064,0
11,0.370487920569199,(-1101)[-12-1-3],Pyramidal I <c+a>,246.719686166412,-66.7196861664119,0
11,0.367009748472426,(-12-1-2)[1-21-3],Pyramidal II <c+a>,300.50184546805,59.4981545319504,0
11,0.363232783693635,(-1101)[2-1-13],Pyramidal I <c+a>,246.719686166412,-66.7196861664119,0
11,0.355097499189833,(0-111)[2-1-10],Pyramidal <a>,118.567333869614,61.4326661303859,0
11,0.354908759200237,(-211-2)[2-1-1-3],Pyramidal II <c+a>,315.476728125215,44.5232718747848,0
11,0.341562001537315,(-101-1)[1-210],Pyramidal <a>,332.067714200825,27.9322857991749,0
11,0.315525372110465,(1-21-2)[-12-1-3],Pyramidal II <c+a>,52.4300338612733,-52.4300338612733,0
11,0.304276385253562,(-2112)[2-1-13],Pyramidal II <c+a>,247.907008094352,-67.9070080943524,0
11,0.218059237864136,(0-111)[1-21-3],Pyramidal I <c+a>,118.567333869614,61.4326661303859,0
11,0.203041722723754,(-101-1)[2-1-1-3],Pyramidal I <c+a>,332.067714200825,27.932285799175,0
11,0.196769594041234,(01-11)[-12-1-3],Pyramidal I <c+a>,215.386494979359,-35.3864949793594,0
11,0.183801088413341,(-1011)[2-1-13],Pyramidal I <c+a>,250.312910015106,-70.3129100151064,0
11,0.0605142448205494,(0001)[1-210],Basal,184.229344286387,-4.22934428638683,0
11,0.0595128093096323,(0001)[-2110],Basal,184.229344286387,-4.22934428638683,0
11,0.0305358559454077,(-1011)[11-23],Pyramidal I <c+a>,250.312910015106,-70.3129100151064,0
11,0.0277240889888949,(0-111)[11-23],Pyramidal I <c+a>,118.567333869614,61.4326661303859,0
11,0.0243052238260881,(01-11)[-1-123],Pyramidal I <c+a>,215.386494979359,-35.3864949793594,0
11,0.0199617107240774,(-101-1)[-1-123],Pyramidal I <c+a>,332.067714200825,27.932285799175,0
11,0.0186617650783425,(-1100)[11-20],Prismatic,274.03309893616,85.9669010638399,0
11,0.0169709394024689,(-1101)[11-20],Pyramidal <a>,246.719686166412,-66.7196861664119,0
11,0.0157345006605596,(-110-1)[11-20],Pyramidal <a>,301.429382438289,58.570617561711,0
11,0.00241599018519795,(11-22)[-1-123],Pyramidal II <c+a>,183.610753164318,-3.61075316431825,0
11,0.00156455035771186,(-1-122)[11-23],Pyramidal II <c+a>,186.46826587192,-6.46826587191958,0
11,0.00128308448030951,(0001)[11-20],Basal,184.229344286387,-4.22934428638683,0
13,0.483353839690975,(-110-1)[2-1-1-3],Pyramidal I <c+a>,308.800029942654,51.1999700573458,1
13,0.462298011227353,(-1011)[1-210],Pyramidal <a>,223.442981710889,-43.4429817108889,0
13,0.458869706781164,(-110-1)[1-21-3],Pyramidal I <c+a>,308.800029942654,51.1999700573458,0
13,0.444187263560047,(-1010)[1-210],Prismatic,252.888760170249,-72.8887601702486,0
13,0.416619352201508,(01-11)[2-1-10],Pyramidal <a>,254.336284926431,-74.3362849264312,0
13,0.40343947043536,(-211-2)[2-1-1-3],Pyramidal II <c+a>,308.588922369894,51.4110776301064,0
13,0.386025520571093,(01-10)[2-1-10],Prismatic,309.42685750445,50.5731424955501,0
13,0.353187064683359,(-12-1-2)[1-21-3],Pyramidal II <c+a>,322.414079367613,37.5859206323868,0
13,0.31615675251754,(-101-1)[1-210],Pyramidal <a>,308.16344365581,51.8365563441905,0
13,0.298895615109675,(-1101)[2-1-13],Pyramidal I <c+a>,253.609163679704,-73.6091636797035,0
13,0.268744103033822,(-1101)[-12-1-3],Pyramidal I <c+a>,253.609163679704,-73.6091636797035,0
13,0.265079693744573,(-2112)[2-1-13],Pyramidal II <c+a>,239.966765611444,-59.9667656114439,0
13,0.259904785404805,(0-111)[2-1-10],Pyramidal <a>,158.884695981205,21.115304018795,0
13,0.241957312829559,(-101-1)[2-1-1-3],Pyramidal I <c+a>,308.16344365581,51.8365563441905,0
13,0.224162224595389,(1-21-2)[-12-1-3],Pyramidal II <c+a>,73.8507978471356,-73.8507978471356,0
13,0.17766969956365,(-1011)[2-1-13],Pyramidal I <c+a>,223.442981710889,-43.4429817108889,0
13,0.176096714983153,(0-111)[1-21-3],Pyramidal I <c+a>,158.884695981205,21.115304018795,0
13,0.162626761585266,(0001)[-2110],Basal,191.220454699309,-11.220454699309,0
13,0.151654566156586,(0001)[1-210],Basal,191.220454699309,-11.220454699309,0
13,0.134259007438727,(01-11)[-12-1-3],Pyramidal I <c+a>,254.336284926431,-74.3362849264312,0
13,0.0890523552334959,(01-11)[-1-123],Pyramidal I <c+a>,254.336284926431,-74.3362849264312,0
13,0.0724947210184891,(-101-1)[-1-123],Pyramidal I <c+a>,308.16344365581,51.8365563441905,0
13,0.0701257960183848,(-1011)[11-23],Pyramidal I <c+a>,223.442981710889,-43.4429817108889,0
13,0.0581617429889543,(-1100)[11-20],Prismatic,281.200264427662,78.7997355723375,0
13,0.0562519671127347,(-1101)[11-20],Pyramidal <a>,253.609163679704,-73.6091636797035,0
13,0.0456786590258442,(-110-1)[11-20],Pyramidal <a>,308.800029942654,51.1999700573458,0
13,0.036785635247936,(0-111)[11-23],Pyramidal I <c+a>,158.884695981205,21.115304018795,0
13,0.0185447814482335,(-1-122)[11-23],Pyramidal II <c+a>,191.1493050419,-11.1493050419,0
13,0.0109721954286797,(0001)[11-20],Basal,191.220454699309,-11.220454699309,0
13,0.00920984484541704,(11-22)[-1-123],Pyramidal II <c+a>,191.442346030106,-11.4423460301061,0
14,0.483275289558842,(-110-1)[2-1-1-3],Pyramidal I <c+a>,308.999620981414,51.0003790185864,1
14,0.462984644301646,(-1011)[1-210],Pyramidal <a>,225.842709082328,-45.8427090823283,0
14,0.455339466700339,(-110-1)[1-21-3],Pyramidal I <c+a>,308.999620981414,51.0003790185864,0
14,0.447912256468005,(-1010)[1-210],Prismatic,259.257679195216,-79.2576791952163,0
14,0.410866362977965,(01-11)[2-1-10],Pyramidal <a>,246.535805860624,-66.5358058606239,0
14,0.406009018345761,(-211-2)[2-1-1-3],Pyramidal II <c+a>,310.41639594096,49.5836040590402,0
14,0.381767910622893,(01-10)[2-1-10],Prismatic,304.250017168084,55.7499828319158,0
14,0.349009909013473,(-12-1-2)[1-21-3],Pyramidal II <c+a>,321.583403079195,38.4165969208046,0
14,0.321998308592289,(-101-1)[1-210],Pyramidal <a>,313.028292598273,46.9717074017266,0
14,0.304803714656363,(-1101)[2-1-13],Pyramidal I <c+a>,252.785730477065,-72.785730477065,0
14,0.271219914681466,(-2112)[2-1-13],Pyramidal II <c+a>,240.851536227541,-60.8515362275412,0
14,0.27060524078155,(-1101)[-12-1-3],Pyramidal I <c+a>,252.785730477065,-72.785730477065,0
14,0.258196154230276,(0-111)[2-1-10],Pyramidal <a>,157.833511966704,22.166488033296,0
14,0.246655445062419,(-101-1)[2-1-1-3],Pyramidal I <c+a>,313.028292598273,46.9717074017266,0
14,0.224536234843132,(1-21-2)[-12-1-3],Pyramidal II <c+a>,70.6706876208322,-70.6706876208322,0
14,0.18280060599142,(-1011)[2-1-13],Pyramidal I <c+a>,225.842709082328,-45.8427090823283,0
14,0.172117185159925,(0-111)[1-21-3],Pyramidal I <c+a>,157.833511966704,22.166488033296,0
14,0.158429826573757,(0001)[-2110],Basal,190.639026827165,-10.6390268271652,0
14,0.146305169154628,(0001)[1-210],Basal,190.639026827165,-10.6390268271652,0
14,0.133070272427282,(01-11)[-12-1-3],Pyramidal I <c+a>,246.535805860624,-66.5358058606238,0
14,0.087157441210974,(01-11)[-1-123],Pyramidal I <c+a>,246.535805860624,-66.5358058606238,0
14,0.0740617316644965,(-101-1)[-1-123],Pyramidal I <c+a>,313.028292598273,46.9717074017266,0
14,0.0661443458451121,(-1100)[11-20],Prismatic,280.965034404095,79.034965595905,0
14,0.0653629305053392,(-1011)[11-23],Pyramidal I <c+a>,225.842709082328,-45.8427090823283,0
14,0.0638021543620129,(-1101)[11-20],Pyramidal <a>,252.785730477065,-72.785730477065,0
14,0.0521182813236819,(-110-1)[11-20],Pyramidal <a>,308.999620981414,51.0003790185864,0
14,0.0337219456368155,(0-111)[11-23],Pyramidal I <c+a>,157.833511966704,22.166488033296,0
14,0.0175996496607696,(-1-122)[11-23],Pyramidal II <c+a>,192.235488697468,-12.2354886974679,0
14,0.0121246574191285,(0001)[11-20],Basal,190.639026827165,-10.6390268271652,0
14,0.00734763744445386,(11-22)[-1-123],Pyramidal II <c+a>,187.030892559189,-7.03089255918925,0
16,0.433778478257326,(-1010)[1-210],Prismatic,36.2766335253695,-36.2766335253695,1
16,0.431966077540869,(01-10)[2-1-10],Prismatic,144.259737201614,35.7402627983864,0
16,0.413500376408493,(-110-1)[2-1-1-3],Pyramidal I <c+a>,109.063766910227,70.9362330897728,0
16,0.412650151275363,(-110-1)[1-21-3],Pyramidal I <c+a>,109.063766910227,70.9362330897728,0
16,0.400416829513729,(-1101)[2-1-13],Pyramidal I <c+a>,72.1216889235551,-72.1216889235551,0
16,0.399564532043042,(-1101)[-12-1-3],Pyramidal I <c+a>,72.1216889235551,-72.1216889235551,0
16,0.385395049420036,(-1011)[1-210],Pyramidal <a>,26.5589622752645,-26.5589622752645,0
16,0.383808832579338,(01-11)[2-1-10],Pyramidal <a>,125.35698120455,54.6430187954498,0
16,0.374817929455206,(-101-1)[1-210],Pyramidal <a>,54.7602957652528,-54.7602957652528,0
16,0.373227846371784,(0-111)[2-1-10],Pyramidal <a>,334.419167067082,25.5808329329176,0
16,0.34454283037427,(-211-2)[2-1-1-3],Pyramidal II <c+a>,89.7588359885323,-89.7588359885323,0
16,0.34312063368202,(-12-1-2)[1-21-3],Pyramidal II <c+a>,132.698442686854,47.3015573131461,0
16,0.335201114930902,(-2112)[2-1-13],Pyramidal II <c+a>,48.4705581459641,-48.4705581459641,0
16,0.333782331657652,(1-21-2)[-12-1-3],Pyramidal II <c+a>,271.279020579369,88.7209794206315,0
16,0.205925276519753,(-101-1)[2-1-1-3],Pyramidal I <c+a>,54.7602957652528,-54.7602957652528,0
16,0.20421864939236,(0-111)[1-21-3],Pyramidal I <c+a>,334.419167067082,25.5808329329176,0
16,0.202214109730612,(-1011)[2-1-13],Pyramidal I <c+a>,26.5589622752645,-26.5589622752645,0
16,0.200515691650371,(01-11)[-12-1-3],Pyramidal I <c+a>,125.35698120455,54.6430187954497,0
16,0.0117581281383561,(0001)[-2110],Basal,1.19712582983761,-1.19712582983761,0
16,0.0117532155877657,(0001)[1-210],Basal,1.19712582983761,-1.19712582983761,0
16,0.00549636586431581,(01-11)[-1-123],Pyramidal I <c+a>,125.35698120455,54.6430187954497,0
16,0.00530966694589088,(-101-1)[-1-123],Pyramidal I <c+a>,54.7602957652528,-54.7602957652528,0
16,0.00501211018640169,(-1011)[11-23],Pyramidal I <c+a>,26.5589622752645,-26.5589622752645,0
16,0.00480783920290009,(0-111)[11-23],Pyramidal I <c+a>,334.419167067082,25.5808329329176,0
16,0.00422176087251803,(-1100)[11-20],Prismatic,90.5252877632895,89.4747122367105,0
16,0.00372551200115526,(-1101)[11-20],Pyramidal <a>,72.1216889235551,-72.1216889235551,0
16,0.00367328155330958,(-110-1)[11-20],Pyramidal <a>,109.063766910227,70.9362330897728,0
16,0.000120032911228919,(11-22)[-1-123],Pyramidal II <c+a>,179.127744282497,0.872255717502583,0
16,0.000114832358833564,(-1-122)[11-23],Pyramidal II <c+a>,0.480394334844748,-0.480394334844748,0
16,5.57067471160285e-05,(0001)[11-20],Basal,1.19712582983761,-1.19712582983761,0
17,0.448125010683671,(-110-1)[2-1-1-3],Pyramidal I <c+a>,303.774197498136,56.2258025018641,1
17,0.442932149255855,(-110-1)[1-21-3],Pyramidal I <c+a>,303.774197498136,56.2258025018641,0
17,0.435183537524962,(-1010)[1-210],Prismatic,281.150672005769,78.849327994231,0
17,0.423601830317057,(01-10)[2-1-10],Prismatic,268.473167581424,-88.4731675814236,0
17,0.417703576979519,(-1011)[1-210],Pyramidal <a>,231.268591329957,-51.268591329957,0
17,0.408015549741494,(01-11)[2-1-10],Pyramidal <a>,223.784133429565,-43.7841334295649,0
17,0.370149863033672,(-211-2)[2-1-1-3],Pyramidal II <c+a>,312.298620423122,47.7013795768775,0
17,0.360665860010976,(-12-1-2)[1-21-3],Pyramidal II <c+a>,310.083767068133,49.9162329318675,0
17,0.357844709764101,(-1101)[2-1-13],Pyramidal I <c+a>,246.257279971217,-66.2572799712173,0
17,0.352158013413547,(-1101)[-12-1-3],Pyramidal I <c+a>,246.257279971217,-66.2572799712173,0
17,0.344971820722117,(-101-1)[1-210],Pyramidal <a>,324.59456540087,35.4054345991297,0
17,0.334362473658969,(0-111)[2-1-10],Pyramidal <a>,140.526109004694,39.4738909953055,0
17,0.305123213835277,(-2112)[2-1-13],Pyramidal II <c+a>,240.500068037519,-60.5000680375189,0
17,0.296452623425528,(1-21-2)[-12-1-3],Pyramidal II <c+a>,57.1936036172135,-57.1936036172135,0
17,0.217337452551656,(-101-1)[2-1-1-3],Pyramidal I <c+a>,324.59456540087,35.4054345991298,0
17,0.20547979297944,(0-111)[1-21-3],Pyramidal I <c+a>,140.526109004694,39.4738909953055,0
17,0.190711606871986,(-1011)[2-1-13],Pyramidal I <c+a>,231.268591329957,-51.268591329957,0
17,0.180810150887462,(01-11)[-12-1-3],Pyramidal I <c+a>,223.784133429565,-43.7841334295649,0
17,0.0764317031206964,(0001)[-2110],Basal,185.06489927764,-5.06489927763951,0
17,0.0754756256953066,(0001)[1-210],Basal,185.06489927764,-5.06489927763951,0
17,0.0378895036599326,(01-11)[-1-123],Pyramidal I <c+a>,223.784133429565,-43.7841334295649,0
17,0.0331809091032251,(-1011)[11-23],Pyramidal I <c+a>,231.268591329957,-51.268591329957,0
17,0.0324297497243673,(-101-1)[-1-123],Pyramidal I <c+a>,324.59456540087,35.4054345991298,0
17,0.0262587865027049,(0-111)[11-23],Pyramidal I <c+a>,140.526109004694,39.4738909953055,0
17,0.0134390511686016,(-1100)[11-20],Prismatic,275.000931901689,84.999068098311,0
17,0.0123271986617435,(-1101)[11-20],Pyramidal <a>,246.257279971217,-66.2572799712173,0
17,0.0112252402770984,(-110-1)[11-20],Pyramidal <a>,303.774197498136,56.2258025018641,0
17,0.00385028889537648,(-1-122)[11-23],Pyramidal II <c+a>,186.817301735532,-6.8173017355324,0
17,0.00303687628243037,(11-22)[-1-123],Pyramidal II <c+a>,183.634105622856,-3.63410562285605,0
17,0.00114353073335576,(0001)[11-20],Basal,185.06489927764,-5.06489927763951,0
18,0.451071034707324,(-110-1)[2-1-1-3],Pyramidal I <c+a>,302.458568205309,57.5414317946907,1
18,0.442493068570326,(-110-1)[1-21-3],Pyramidal I <c+a>,302.458568205309,57.5414317946907,0
18,0.43756460609511,(-1010)[1-210],Prismatic,241.529429392001,-61.5294293920009,0
18,0.421584458302846,(-1011)[1-210],Pyramidal <a>,215.756823819932,-35.7568238199316,0
18,0.418181716691421,(01-10)[2-1-10],Prismatic,307.787593599405,52.2124064005949,0
18,0.405581033074331,(01-11)[2-1-10],Pyramidal <a>,255.864124385728,-75.8641243857276,0
18,0.374215120923898,(-211-2)[2-1-1-3],Pyramidal II <c+a>,300.475710868581,59.5242891314192,0
18,0.358157283911479,(-12-1-2)[1-21-3],Pyramidal II <c+a>,317.135962016507,42.8640379834933,0
18,0.355987097761703,(-1101)[2-1-13],Pyramidal I <c+a>,248.463668593829,-68.4636685938295,0
18,0.346357276273467,(-1101)[-12-1-3],Pyramidal I <c+a>,248.463668593829,-68.4636685938295,0
18,0.345263850968517,(-101-1)[1-210],Pyramidal <a>,296.174956705619,63.8250432943814,0
18,0.327298038829643,(0-111)[2-1-10],Pyramidal <a>,153.972029765855,26.0279702341447,0
18,0.305100820806335,(-2112)[2-1-13],Pyramidal II <c+a>,233.36961072666,-53.3696107266596,0
18,0.290775531190423,(1-21-2)[-12-1-3],Pyramidal II <c+a>,70.8878968897436,-70.8878968897436,0
18,0.221700026475722,(-101-1)[2-1-1-3],Pyramidal I <c+a>,296.174956705619,63.8250432943814,0
18,0.201408907845441,(0-111)[1-21-3],Pyramidal I <c+a>,153.972029765855,26.0279702341447,0
18,0.192528960261083,(-1011)[2-1-13],Pyramidal I <c+a>,215.756823819932,-35.7568238199316,0
18,0.176404503640894,(01-11)[-12-1-3],Pyramidal I <c+a>,255.864124385728,-75.8641243857276,0
18,0.0812362890153449,(0001)[-2110],Basal,185.777601350483,-5.77760135048263,0
18,0.0791998693338033,(0001)[1-210],Basal,185.777601350483,-5.77760135048263,0
18,0.040990230164054,(01-11)[-1-123],Pyramidal I <c+a>,255.864124385728,-75.8641243857276,0
18,0.0366357930602104,(-101-1)[-1-123],Pyramidal I <c+a>,296.174956705619,63.8250432943814,0
18,0.0334437396808636,(-1011)[11-23],Pyramidal I <c+a>,215.756823819932,-35.7568238199316,0
18,0.0283272994532384,(-1100)[11-20],Prismatic,275.378971604599,84.6210283954007,0
18,0.0261368135840668,(-1101)[11-20],Pyramidal <a>,248.463668593829,-68.4636685938295,0
18,0.0259744959181662,(0-111)[11-23],Pyramidal I <c+a>,153.972029765855,26.0279702341447,0
18,0.0235078363472802,(-110-1)[11-20],Pyramidal <a>,302.458568205309,57.5414317946907,0
18,0.00415461383394346,(-1-122)[11-23],Pyramidal II <c+a>,184.68022994655,-4.68022994654976,0
18,0.00303297993139053,(11-22)[-1-123],Pyramidal II <c+a>,190.763609011588,-10.7636090115881,0
18,0.0027281577139834,(0001)[11-20],Basal,185.777601350483,-5.77760135048263,0
19,0.432963837926385,(-110-1)[2-1-1-3],Pyramidal I <c+a>,299.292273924205,60.7077260757948,1
19,0.432351901272148,(-110-1)[1-21-3],Pyramidal I <c+a>,299.292273924205,60.7077260757948,0
19,0.431610769710086,(-1010)[1-210],Prismatic,309.12270669739,50.87729330261,0
19,0.430391246750765,(01-10)[2-1-10],Prismatic,234.413443953806,-54.4134439538064,0
19,0.401699801511569,(-1011)[1-210],Pyramidal <a>,260.781015895932,-80.7810158959318,0
19,0.400558145979912,(01-11)[2-1-10],Pyramidal <a>,211.926268117187,-31.9262681171866,0
19,0.374901386960798,(-1101)[2-1-13],Pyramidal I <c+a>,246.721162742649,-66.7211627426494,0
19,0.374367735122785,(-1101)[-12-1-3],Pyramidal I <c+a>,246.721162742649,-66.7211627426494,0
19,0.357593912574877,(-211-2)[2-1-1-3],Pyramidal II <c+a>,315.111065241576,44.8889347584242,0
19,0.356702570194806,(-12-1-2)[1-21-3],Pyramidal II <c+a>,295.318115974642,64.6818840253578,0
19,0.354714187200189,(-101-1)[1-210],Pyramidal <a>,332.455366549262,27.5446334507382,0
19,0.353718583213032,(0-111)[2-1-10],Pyramidal <a>,106.23388827087,73.7661117291299,0
19,0.316240312988142,(-2112)[2-1-13],Pyramidal II <c+a>,251.269914381675,-71.269914381675,0
19,0.315220024974647,(1-21-2)[-12-1-3],Pyramidal II <c+a>,50.3358325120735,-50.3358325120735,0
19,0.209925298786299,(-101-1)[2-1-1-3],Pyramidal I <c+a>,332.455366549262,27.5446334507382,0
19,0.208934763158184,(0-111)[1-21-3],Pyramidal I <c+a>,106.23388827087,73.7661117291299,0
19,0.193641461956198,(-1011)[2-1-13],Pyramidal I <c+a>,260.781015895932,-80.7810158959318,0
19,0.192340820599813,(01-11)[-12-1-3],Pyramidal I <c+a>,211.926268117187,-31.9262681171865,0
19,0.0487581879128463,(0001)[1-210],Basal,183.583113172016,-3.58311317201557,0
19,0.0486066264454468,(0001)[-2110],Basal,183.583113172016,-3.58311317201557,0
19,0.0225899300100613,(-1011)[11-23],Pyramidal I <c+a>,260.781015895932,-80.7810158959318,0
19,0.0223616048529756,(01-11)[-1-123],Pyramidal I <c+a>,211.926268117187,-31.9262681171865,0
19,0.0200945075672288,(0-111)[11-23],Pyramidal I <c+a>,106.23388827087,73.7661117291299,0
19,0.0197956082563887,(-101-1)[-1-123],Pyramidal I <c+a>,332.455366549262,27.5446334507382,0
19,0.0187626225210855,(-1100)[11-20],Prismatic,272.866099963962,87.1339000360377,0
19,0.0168779301220075,(-1101)[11-20],Pyramidal <a>,246.721162742649,-66.7211627426494,0
19,0.0160042663750825,(-110-1)[11-20],Pyramidal <a>,299.292273924205,60.7077260757948,0
19,0.00165224667094307,(11-22)[-1-123],Pyramidal II <c+a>,181.97047622102,-1.97047622102011,0
19,0.00140182389771087,(-1-122)[11-23],Pyramidal II <c+a>,195.885830651763,-15.8858306517635,0
19,0.00090662347975079,(0001)[11-20],Basal,183.583113172016,-3.58311317201557,0
20,0.470068764852551,(-110-1)[2-1-1-3],Pyramidal I <c+a>,305.788890429999,54.2111095700007,1
20,0.454647878324849,(-1010)[1-210],Prismatic,255.202781889506,-75.2027818895058,0
20,0.447948848570563,(-1011)[1-210],Pyramidal <a>,222.63291357206,-42.6329135720602,0
20,0.442080042194961,(-110-1)[1-21-3],Pyramidal I <c+a>,305.788890429999,54.2111095700007,0
20,0.398356368099035,(-211-2)[2-1-1-3],Pyramidal II <c+a>,306.692516067898,53.3074839321025,0
20,0.395731875090049,(01-11)[2-1-10],Pyramidal <a>,244.236419236661,-64.2364192366609,0
20,0.390632694397769,(01-10)[2-1-10],Prismatic,302.756849110729,57.2431508892707,0
20,0.348838533111403,(-101-1)[1-210],Pyramidal <a>,308.360970587935,51.6390294120647,0
20,0.344767794292644,(-1101)[2-1-13],Pyramidal I <c+a>,249.750336136198,-69.7503361361979,0
20,0.344760347565728,(-12-1-2)[1-21-3],Pyramidal II <c+a>,318.769315586412,41.230684413588,0
20,0.312622300143903,(-1101)[-12-1-3],Pyramidal I <c+a>,249.750336136198,-69.7503361361979,0
20,0.304007330777253,(-2112)[2-1-13],Pyramidal II <c+a>,237.635733050467,-57.6357330504674,0
20,0.288866506662827,(0-111)[2-1-10],Pyramidal <a>,155.418375637977,24.5816243620232,0
20,0.257258072601897,(1-21-2)[-12-1-3],Pyramidal II <c+a>,67.9142424645079,-67.9142424645079,0
20,0.246103889617802,(-101-1)[2-1-1-3],Pyramidal I <c+a>,308.360970587935,51.6390294120647,0
20,0.201782366559973,(-1011)[2-1-13],Pyramidal I <c+a>,222.63291357206,-42.6329135720602,0
20,0.177736667276809,(0-111)[1-21-3],Pyramidal I <c+a>,155.418375637977,24.5816243620232,0
20,0.149881155288303,(01-11)[-12-1-3],Pyramidal I <c+a>,244.236419236661,-64.2364192366609,0
20,0.110896958388562,(0001)[-2110],Basal,187.404019879882,-7.40401987988201,0
20,0.102849339230387,(0001)[1-210],Basal,187.404019879882,-7.40401987988201,0
20,0.0640151839270802,(-1100)[11-20],Prismatic,277.873141168196,82.1268588318038,0
20,0.0622343496977685,(01-11)[-1-123],Pyramidal I <c+a>,244.236419236661,-64.2364192366609,0
20,0.0599720264485762,(-1101)[11-20],Pyramidal <a>,249.750336136198,-69.7503361361979,0
20,0.0591235974877126,(-101-1)[-1-123],Pyramidal I <c+a>,308.360970587935,51.6390294120647,0
20,0.0522169734805143,(-110-1)[11-20],Pyramidal <a>,305.788890429999,54.2111095700006,0
20,0.0383218610836884,(-1011)[11-23],Pyramidal I <c+a>,222.63291357206,-42.6329135720602,0
20,0.0229018692954604,(0-111)[11-23],Pyramidal I <c+a>,155.418375637977,24.5816243620232,0
20,0.00857705455036988,(-1-122)[11-23],Pyramidal II <c+a>,189.53472410552,-9.53472410552018,0
20,0.00804761915817418,(0001)[11-20],Basal,187.404019879882,-7.40401987988201,0
20,0.00173029219241881,(11-22)[-1-123],Pyramidal II <c+a>,182.291411013439,-2.29141101343916,0
21,0.444935285354839,(-101-1)[-1-123],Pyramidal I <c+a>,300.462985765288,59.5370142347122,1
21,0.443128989827483,(01-10)[2-1-10],Prismatic,55.6034577574668,-55.6034577574668,0
21,0.433139390018495,(-101-1)[2-1-1-3],Pyramidal I <c+a>,300.462985765288,59.5370142347122,0
21,0.417606843490863,(0-111)[2-1-10],Pyramidal <a>,213.577494035742,-33.5774940357417,0
21,0.416961462523836,(-1100)[11-20],Prismatic,312.271944060801,47.7280559391991,0
21,0.395599910145167,(-1101)[11-20],Pyramidal <a>,263.892866690335,-83.8928666903347,0
21,0.372044647551611,(11-22)[-1-123],Pyramidal II <c+a>,115.740012547415,64.2599874525847,0
21,0.371792965391008,(-1011)[11-23],Pyramidal I <c+a>,248.321699569961,-68.3216995699608,0
21,0.359007758813225,(-1011)[2-1-13],Pyramidal I <c+a>,248.321699569961,-68.3216995699608,0
21,0.358993256025573,(01-11)[2-1-10],Pyramidal <a>,105.182991794322,74.8170082056784,0
21,0.35072078155268,(-211-2)[2-1-1-3],Pyramidal II <c+a>,316.777634353743,43.2223656462566,0
21,0.335140620770211,(-110-1)[11-20],Pyramidal <a>,334.624249610177,25.3757503898233,0
21,0.318666496765831,(-1-122)[11-23],Pyramidal II <c+a>,231.805393765195,-51.8053937651952,0
21,0.298972159592963,(-2112)[2-1-13],Pyramidal II <c+a>,253.24546884399,-73.2454688439895,0
21,0.223933657521663,(01-11)[-1-123],Pyramidal I <c+a>,105.182991794322,74.8170082056784,0
21,0.20111172286244,(0-111)[11-23],Pyramidal I <c+a>,213.577494035742,-33.5774940357417,0
21,0.19739310102996,(-110-1)[2-1-1-3],Pyramidal I <c+a>,334.624249610177,25.3757503898233,0
21,0.178490075525889,(-1101)[2-1-13],Pyramidal I <c+a>,263.892866690335,-83.8928666903347,0
21,0.0627401692119053,(0001)[11-20],Basal,184.614017303923,-4.61401730392302,0
21,0.0608248365752781,(0001)[-2110],Basal,184.614017303923,-4.61401730392302,0
21,0.0335546951759708,(-1101)[-12-1-3],Pyramidal I <c+a>,263.892866690335,-83.8928666903347,0
21,0.0315103512839962,(01-11)[-12-1-3],Pyramidal I <c+a>,105.182991794322,74.8170082056784,0
21,0.0261675273036467,(-1010)[1-210],Prismatic,274.339279026666,85.6607209733342,0
21,0.0238526352553618,(-1011)[1-210],Pyramidal <a>,248.321699569961,-68.3216995699608,0
21,0.0227289431757636,(0-111)[1-21-3],Pyramidal I <c+a>,213.577494035742,-33.5774940357417,0
21,0.0220069333456965,(-101-1)[1-210],Pyramidal <a>,300.462985765288,59.5370142347122,0
21,0.017755001370077,(-110-1)[1-21-3],Pyramidal I <c+a>,334.624249610177,25.3757503898233,0
21,0.00276665323715078,(-12-1-2)[1-21-3],Pyramidal II <c+a>,4.02470276140267,-4.02470276140267,0
21,0.00191533263662714,(0001)[1-210],Basal,184.614017303923,-4.61401730392302,0
21,0.00117312324659758,(1-21-2)[-12-1-3],Pyramidal II <c+a>,10.1429307003945,-10.1429307003945,0
22,0.444426410208936,(-1100)[11-20],Prismatic,50.9876701787238,-50.9876701787238,1
22,0.42022939340903,(01-10)[2-1-10],Prismatic,311.515019209095,48.4849807909045,0
22,0.41777733736882,(-1011)[2-1-13],Pyramidal I <c+a>,64.3097243272803,-64.3097243272803,0
22,0.406477584097495,(-1011)[11-23],Pyramidal I <c+a>,64.3097243272803,-64.3097243272803,0
22,0.406182551741803,(-101-1)[2-1-1-3],Pyramidal I <c+a>,115.593471564773,64.4065284352268,0
22,0.394752249969164,(-101-1)[-1-123],Pyramidal I <c+a>,115.593471564773,64.4065284352268,0
22,0.394089703270654,(-110-1)[11-20],Pyramidal <a>,96.2717540960111,83.7282459039889,0
22,0.384784173905293,(-1101)[11-20],Pyramidal <a>,29.7104518890962,-29.7104518890962,0
22,0.373008394054668,(01-11)[2-1-10],Pyramidal <a>,331.775188308013,28.2248116919871,0
22,0.363459307749806,(0-111)[2-1-10],Pyramidal <a>,83.245966592905,-83.245966592905,0
22,0.352739600419241,(-2112)[2-1-13],Pyramidal II <c+a>,47.5447693277065,-47.5447693277065,0
22,0.344308926259541,(-211-2)[2-1-1-3],Pyramidal II <c+a>,109.396502817028,70.6034971829723,0
22,0.333667393706944,(-1-122)[11-23],Pyramidal II <c+a>,69.9906760252323,-69.9906760252323,0
22,0.325451750507349,(11-22)[-1-123],Pyramidal II <c+a>,312.900748505242,47.0992514947579,0
22,0.216384624631635,(-1101)[2-1-13],Pyramidal I <c+a>,29.7104518890962,-29.7104518890962,0
22,0.212822583920617,(-110-1)[2-1-1-3],Pyramidal I <c+a>,96.2717540960111,83.7282459039889,0
22,0.193396001962256,(0-111)[11-23],Pyramidal I <c+a>,83.245966592905,-83.245966592905,0
22,0.190351096502068,(01-11)[-1-123],Pyramidal I <c+a>,331.775188308013,28.2248116919872,0
22,0.0241970167999065,(-1010)[1-210],Prismatic,90.1117177918804,89.8882822081196,0
22,0.0213248661554875,(-101-1)[1-210],Pyramidal <a>,115.593471564773,64.4065284352268,0
22,0.0210813092159863,(-1011)[1-210],Pyramidal <a>,64.3097243272803,-64.3097243272803,0
22,0.010526414638573,(0001)[-2110],Basal,359.256719559009,0.743280440991157,0
22,0.0102490417927277,(0001)[11-20],Basal,359.256719559009,0.743280440991157,0
22,0.0101371765583727,(-1101)[-12-1-3],Pyramidal I <c+a>,29.7104518890962,-29.7104518890962,0
22,0.00958443775568046,(01-11)[-12-1-3],Pyramidal I <c+a>,331.775188308013,28.2248116919872,0
22,0.00431399735218762,(-110-1)[1-21-3],Pyramidal I <c+a>,96.2717540960111,83.7282459039889,0
22,0.00382239642837589,(0-111)[1-21-3],Pyramidal I <c+a>,83.245966592905,-83.245966592905,0
22,0.000307449636024914,(1-21-2)[-12-1-3],Pyramidal II <c+a>,180.936222553994,-0.936222553994156,0
22,0.000277372845845293,(0001)[1-210],Basal,359.256719559009,0.743280440991157,0
22,0.000273442943320146,(-12-1-2)[1-21-3],Pyramidal II <c+a>,154.466840643728,25.5331593562718,0
23,0.473436115504503,(-110-1)[1-21-3],Pyramidal I <c+a>,303.139402679574,56.8605973204257,1
23,0.455504844403633,(01-10)[2-1-10],Prismatic,233.465946815124,-53.4659468151239,0
23,0.45206231600428,(01-11)[2-1-10],Pyramidal <a>,216.188853961161,-36.1888539611612,0
23,0.443486741724294,(-110-1)[2-1-1-3],Pyramidal I <c+a>,303.139402679574,56.8605973204257,0
23,0.401795276562769,(-12-1-2)[1-21-3],Pyramidal II <c+a>,294.429954230705,65.5700457692952,0
23,0.396187466852668,(-1011)[1-210],Pyramidal <a>,282.541933773764,77.458066226236,0
23,0.38661703595388,(-1010)[1-210],Prismatic,322.258582637795,37.7414173622048,0
23,0.346226930726787,(0-111)[2-1-10],Pyramidal <a>,94.373532137239,85.626467862761,0
23,0.343840089435332,(-211-2)[2-1-1-3],Pyramidal II <c+a>,321.539622650094,38.4603773499063,0
23,0.339388512826902,(-1101)[-12-1-3],Pyramidal I <c+a>,254.32583364807,-74.3258336480697,0
23,0.304626451686464,(-1101)[2-1-13],Pyramidal I <c+a>,254.32583364807,-74.3258336480697,0
23,0.300428444152619,(1-21-2)[-12-1-3],Pyramidal II <c+a>,55.6159720486572,-55.6159720486572,0
23,0.281373323547039,(-101-1)[1-210],Pyramidal <a>,340.331741915435,19.6682580845646,0
23,0.250400401139008,(-2112)[2-1-13],Pyramidal II <c+a>,263.272905617172,-83.2729056171715,0
23,0.248919074002771,(0-111)[1-21-3],Pyramidal I <c+a>,94.3735321372389,85.6264678627611,0
23,0.200727457589036,(01-11)[-12-1-3],Pyramidal I <c+a>,216.188853961161,-36.1888539611612,0
23,0.174675510179271,(-101-1)[2-1-1-3],Pyramidal I <c+a>,340.331741915435,19.6682580845646,0
23,0.145548151571245,(-1011)[2-1-13],Pyramidal I <c+a>,282.541933773764,77.458066226236,0
23,0.119145607786435,(0001)[1-210],Basal,189.326996395217,-9.3269963952167,0
23,0.109828118219127,(0001)[-2110],Basal,189.326996395217,-9.3269963952167,0
23,0.0688878084497518,(-1100)[11-20],Prismatic,278.610231022408,81.3897689775921,0
23,0.0668115543065886,(-1011)[11-23],Pyramidal I <c+a>,282.541933773764,77.458066226236,0
23,0.0648536071797472,(-1101)[11-20],Pyramidal <a>,254.32583364807,-74.3258336480697,0
23,0.0633386220005701,(0-111)[11-23],Pyramidal I <c+a>,94.3735321372389,85.6264678627611,0
23,0.0558748491516116,(-110-1)[11-20],Pyramidal <a>,303.139402679574,56.8605973204257,0
23,0.041581622069005,(01-11)[-1-123],Pyramidal I <c+a>,216.188853961161,-36.1888539611612,0
23,0.0238571193175074,(-101-1)[-1-123],Pyramidal I <c+a>,340.331741915435,19.6682580845646,0
23,0.00985889156528832,(11-22)[-1-123],Pyramidal II <c+a>,188.161959419687,-8.16195941968738,0
23,0.00931748956730756,(0001)[11-20],Basal,189.326996395217,-9.3269963952167,0
23,0.00193174745146122,(-1-122)[11-23],Pyramidal II <c+a>,340.891528541983,19.1084714580168,0
